1,"名

	天干的第四位。
	
	排列次序的等第。在甲、乙、丙之后，表示第四级，或较差的等级。
	
	成年男子。如：「壮丁」、「男丁」、「单丁」。
	
	人、人口。如：「添丁」、「帮丁」、「人丁单薄」。《南史·卷三三·何承天传 》 ：「计丁课仗，勿使有阙。」
	
	仆役，或指从事某些劳动或职业的人。如：「园丁」、「庖丁」、「家丁」。
	
	方形的小块。如：「鸡丁」、「肉丁」、「补丁」、「将小黄瓜切丁。」
	
	姓。如汉代有丁令威，清代有丁汝昌。
",丁
2,"动

	当、遭逢。如：「丁忧」、「丁外艰」、「丁内艰」。
",丁
3,"形

	壮盛的。如：「丁年」。
	
	极少的、极小的。如：「他的身子还很硬朗，一丁点儿毛病都没有。」
",丁
4,"

	参见「丁丁 」条。
",丁
1,状声词：(1)​ 形容伐木的声音。《诗经．小雅．伐木》：「伐木丁丁，鸟鸣嘤嘤。」(2)​ 形容下雨的声音。唐．元稹〈景申秋〉诗八首之三：「嗢嗢簷霤凝，丁丁窗雨繁。」(3)​ 形容乐器弹奏的声音。唐．许浑〈听琵琶〉诗：「欲写明妃万里情，紫槽红拨夜丁丁。」(4)​ 形容下棋的声音。宋．王禹偁〈黄州新建小竹楼记〉：「宜围棋，子声丁丁然。」,丁丁
1,状声词。形容玉石、金属的撞击声。《老残游记．第二回》：「这姑娘便立起身来，左手取了梨花简夹在指头缝里，便丁丁当当的敲。」也作「叮叮当当」。,丁丁當當
2,形容性格刚强硬朗。元．李文蔚《燕青博鱼．第三折》：「我是个拳头上站的人，胳膊上走的马，不带头巾男子汉，丁丁当当响的老婆。」,丁丁當當
1,"嘱咐。《乐府诗集．卷七三．杂曲歌辞十三．古辞．焦仲卿妻》：「兰芝初还时，府吏见丁宁，结誓不别离。」《三国演义．第九六回》：「吾累次丁宁告戒，街亭是吾根本。汝以全家之命，领此重任。」也作「叮咛」。近吩咐,叮嘱,嘱咐",丁寧
1,状声词。形容佩玉撞击声或风铃声等。唐．韩偓〈雨后月中堂闲坐〉诗：「夜久忽闻铃索动，玉堂西畔响丁东。」《老残游记．第一○回》：「铃声已止，箜篌丁东断续，与角声相和。」也作「丁冬」、「叮冬」、「叮咚」。,丁東
1,状声词。形容呼吸、喘气声。宋．苏轼〈江上值雪效欧阳体次子由韵〉：「草中咻咻有寒兔，孤隼下击千夫驰。」,咻咻
2,形容悲伤哀切。《红楼梦．第八七回》：「北堂有萱兮，何以忘忧。无以解忧兮，我心咻咻。」,咻咻
1,深广的样子。《文选．班固．典引》：「汪汪乎丕天之大律，其畴能亘之哉。」南朝梁．元帝〈光宅寺大僧正法师碑〉：「昂昂千里，孰辨麒麟之踪？汪汪万顷，谁识波澜之际？」,汪汪
2,形容人的气度恢宏宽大。《后汉书．卷五三．黄宪传》：「叔度汪汪若千顷陂，澄之不清，淆之不浊，不可量也。」,汪汪
3,泪水盈眶或液体莹澈的样子。唐．卢纶〈与张擢对酌〉诗：「张老闻此词，汪汪泪盈目。」《红楼梦．第二五回》：「因而故意装作失手，把那一盏油汪汪的蜡灯向宝玉脸上只一推。」,汪汪
4,状声词。形容狗叫的声音。《董西厢．卷六》：「恰拈了冠儿，松开裙带，汪汪的狗儿吠，顺风听得喊声一派。」元．范康《竹业舟．第三折》：「我这里将半橛孤桩船缆住，则听得汪汪犬吠竹林幽。」,汪汪
1,"名

	天干的第四位。
	
	排列次序的等第。在甲、乙、丙之后，表示第四级，或较差的等级。
	
	成年男子。如：「壮丁」、「男丁」、「单丁」。
	
	人、人口。如：「添丁」、「帮丁」、「人丁单薄」。《南史·卷三三·何承天传 》 ：「计丁课仗，勿使有阙。」
	
	仆役，或指从事某些劳动或职业的人。如：「园丁」、「庖丁」、「家丁」。
	
	方形的小块。如：「鸡丁」、「肉丁」、「补丁」、「将小黄瓜切丁。」
	
	姓。如汉代有丁令威，清代有丁汝昌。
",丁
2,"动

	当、遭逢。如：「丁忧」、「丁外艰」、「丁内艰」。
",丁
3,"形

	壮盛的。如：「丁年」。
	
	极少的、极小的。如：「他的身子还很硬朗，一丁点儿毛病都没有。」
",丁
4,"

	参见「丁丁 」条。
",丁
1,状声词：(1)​ 形容伐木的声音。《诗经．小雅．伐木》：「伐木丁丁，鸟鸣嘤嘤。」(2)​ 形容下雨的声音。唐．元稹〈景申秋〉诗八首之三：「嗢嗢簷霤凝，丁丁窗雨繁。」(3)​ 形容乐器弹奏的声音。唐．许浑〈听琵琶〉诗：「欲写明妃万里情，紫槽红拨夜丁丁。」(4)​ 形容下棋的声音。宋．王禹偁〈黄州新建小竹楼记〉：「宜围棋，子声丁丁然。」,丁丁
1,状声词。形容玉石、金属的撞击声。《老残游记．第二回》：「这姑娘便立起身来，左手取了梨花简夹在指头缝里，便丁丁当当的敲。」也作「叮叮当当」。,丁丁當當
2,形容性格刚强硬朗。元．李文蔚《燕青博鱼．第三折》：「我是个拳头上站的人，胳膊上走的马，不带头巾男子汉，丁丁当当响的老婆。」,丁丁當當
1,"嘱咐。《乐府诗集．卷七三．杂曲歌辞十三．古辞．焦仲卿妻》：「兰芝初还时，府吏见丁宁，结誓不别离。」《三国演义．第九六回》：「吾累次丁宁告戒，街亭是吾根本。汝以全家之命，领此重任。」也作「叮咛」。近吩咐,叮嘱,嘱咐",丁寧
1,状声词。形容佩玉撞击声或风铃声等。唐．韩偓〈雨后月中堂闲坐〉诗：「夜久忽闻铃索动，玉堂西畔响丁东。」《老残游记．第一○回》：「铃声已止，箜篌丁东断续，与角声相和。」也作「丁冬」、「叮冬」、「叮咚」。,丁東
1,状声词。形容金属、瓷器、玉石等撞击的声音。如：「风铃丁当丁当响。」也作「叮当」。,丁當
1,南宋时擅权的宰相丁大全和太监董宋臣的合称。后艺人常以敲锣、金属等声音借以影射、讽刺二人。明．田汝成《西湖游览志余．卷二．帝王都会》：「一日内宴，一人专打锣，一人扑之曰：『今日排当，不奏他乐，丁丁董董不已，何也？』曰：『方今事皆丁董，吾安得不丁董？』」,丁董
1,零丁、孤单。元．李思衍〈鬻孙谣〉：「丁零老病维一身，独卧茅檐夜深雨。」,丁零
2,状声词。形容铃声、或小金属的撞击声。唐．黄滔〈戴安道碎琴赋〉：「朱弦并断，类冰泉裂石以丁零。」,丁零
3,我国古代少数民族之一。参见「丁灵」条。,丁零
1,形容奔跑急速。元．关汉卿《单刀会．第一折》：「便有百万军当不住他不刺剌千里追风骑，你便有千员将闪不过明明偃月三停刀。」《水浒传．第一八回》：「出得东门，打上两鞭，那马不剌剌的望东溪村撺将去。」也作「不喇喇」、「扑剌剌」。,不剌剌
1,状声词。形容摇蛇皮鼓的声音。元．孟汉卿《魔合罗．第一折》：「猛听得早眉舒，那里这等不朗朗摇动蛇皮鼓。」也作「不琅琅」、「琅琅」。,不朗朗
1,状声词。形容摇蛇皮鼓的声音。也作「不朗朗」、「琅琅」。,不琅琅
1,状声词。形容心跳声。元．郑光祖《倩女离魂．第二折》：「我蓦听得马嘶人语闹喧哗，掩映在垂杨下，諕的我心头丕丕那惊怕。」也作「扑扑」。,丕丕
2,很、大。通常用来加强语气。如：「气丕丕」、「实丕丕」。,丕丕
1,荒芜的地方。《管子．八观》：「众散而不收，则国为丘墟。」《文选．班彪．北征赋》：「旧室灭以丘墟兮，曾不得乎少留。」,丘墟
2,形容破败荒凉的样子。南朝宋．刘义庆《世说新语．轻诋》：「遂使神州陆沉，百年丘墟，王夷甫诸人，不得不任其责。」明．沈鲸《双珠记．第三八出》：「兵荒极矣，城郭丘墟，靡有孑遗。」,丘墟
3,坟墓。宋．陆游〈叹老〉诗：「朋侪什九堕丘墟，自笑身如脱网鱼。」,丘墟
1,贬词，小东西。明．康海《中山狼．第四折》：「若没有个天公筭计，险些儿被幺麽得意。」《聊斋志异．卷四．狐谐》：「我今所见，细细幺麽，不是狐儿，必当是狐孙子！」,么麼
2,早期元杂剧的别称。元．无名氏《蓝采和．第四折》：「旧幺麽院本我须知，论同场本事我般般会。」也称为「么末」。,么麼
1,名参见「乒乓 」条。,乒
2,状形容东西碰撞的声音。如：「乒乒乓乓」。,乒
1,状声词。形容东西相碰所发出的声音。《文明小史．第五二回》：「一会儿乒乒乓乓的声响，一时并起，估量大约是些玻璃的碗盏器具碎了。」,乒乒乓乓
1,东西碰撞的声音。如：「乒乓一声」。,乒乓
2,桌球的别名。参见「桌球」条。,乒乓
1,参见「[[乒乓]]」条。,乓
1,动瞇眼斜视。元·关汉卿《望江亭·第三折》：「那厮也忒懵懂玉山低趄，著鬼祟醉眼乜斜。」,乜
2,名姓。如明代有蒙古酋长乜先。,乜
1,眼睛瞇成一条缝而下视、斜视。《红楼梦．第八回》：「宝玉乜斜倦眼道：『你要走，我和你一同走。』」,乜斜
2,糊涂、痴呆。元．无名氏《红绣鞋．看黄卷消磨永夜曲》：「倒在我怀儿里撒乜斜。见他将文册放，我索将女工叠。」,乜斜
3,走路歪歪倒倒的样子。元．王元鼎〈河西后庭花．走将来涎涎瞪瞪冷眼儿目岑套，柳叶儿〉曲：「走将来乜斜头撒吣，不熨贴性儿希林。」,乜斜
1,自强不息的样子。《易经．乾卦．九三》：「君子终日干干，夕惕若厉，无咎。」,乾乾
1,干枯瘦瘪的样子。如：「这只小狗干巴巴的，好可怜！」,乾巴巴
2,干燥。如：「这种干巴巴的土地，什么也种不活。」,乾巴巴
3,辞采不够优美，内容不够生动。如：「你的文章看起来干巴巴的，一点也不吸引人。 」,乾巴巴
1,遭战乱而离散逃亡。《诗经．小雅．四月》：「乱离瘼矣，爰其适归。」《后汉书．卷八四．列女传．董祀妻传》：「感伤乱离，追怀悲愤。」,亂離
1,聪明慧黠。南朝宋．刘义庆《世说新语．言语》：「小时了了，大未必佳。」,了了
2,明白、清楚。唐．李白〈秋浦歌〉：「桃波一步地，了了语声闻。」如：「不甚了了」。近明晰,了了
3,清理。如：「了了亏空。」,了了
4,语尾助词。有非常之意。如：「白了了」。,了了
1,破烂、垂悬的样子。《三国志．卷三．魏书．明帝纪》「分襄阳郡之鄀叶县属义阳郡」句下南朝宋．裴松之．注：「而使穿方举土，面目垢黑，沾体涂足，衣冠了鸟，毁国之光以崇无益，甚非谓也。」,了鳥
2,金属制门搭钩。唐．李商隐〈病中闻河东公乐营置酒口占寄上〉诗：「锁门金了鸟，展障玉鸦叉。」也作「门吊儿」。,了鳥
1,徐行的样子。唐．韩愈〈上宰相书〉：「枯槁沉溺魁闳宽通之士，必且洋洋焉动其心，峩峩焉缨缨其冠，于于焉而来矣。」,于于
2,自足的样子。《庄子．应帝王》：「其卧徐徐，其觉于于。」唐．白居易〈和朝回与王炼师游南山下〉诗：「兴酣头兀兀，睡觉心于于。」也作「杅杅」。,于于
3,相连不绝的样子。唐．柳宗元〈晋问〉：「鼋鼍诡怪，于于汨汨。」元．蒲道源〈闲居纪事〉：「凌晨出求籴，于于如栉比。」,于于
1,叹息之辞。《史记．卷六一．伯夷传》：「登彼西山兮，采其薇矣。以暴易暴兮，不知其非矣。神农、虞、夏，忽焉没兮，我安适归矣？于嗟徂兮，命之衰矣！」,于嗟
1,如此如此。《汉书．卷五○．汲黯传》：「上方招文学儒者，上曰吾欲云云。」,云云
2,纷纭的议论。《晋书．卷七八．孔愉传》：「人口云云，无所不至。」《文明小史．第二九回》：「至于兵船来到的话，乃是谣言，还祈从中替府宪说明，免致惊疑云云。」,云云
3,众多的样子。《庄子．在宥》：「万物云云，各复其根。」也作「芸芸」。,云云
1,忧愁不绝的样子。《诗经．小雅．正月》：「念我独兮，忧心京京。」《后汉书．卷五．孝安帝纪》：「夙夜克己，忧心京京。」,京京
1,高耸直立的样子。《文选．何劭．游仙诗》：「青青陵上松，亭亭高山柏。」后形容女子苗条，姿态秀美。唐．独孤及〈和赠远〉诗：「美人挟瑟对芳树，玉颜亭亭与花双。」,亭亭
2,远貌。《文选．曹丕．杂诗二首之二》：「西北有浮云，亭亭如车盖。」《文选．谢灵运．泛湖归出楼中玩月诗》：「亭亭映江月，浏浏出谷飙。」,亭亭
3,高洁貌。《后汉书．卷六○下．蔡邕传》：「情志泊兮心亭亭，嗜欲息兮无由生。」,亭亭
1,形明朗、光亮。如：「晶亮」、「明亮」、「乌黑亮丽」。《文选·嵇康·杂诗》：「皎皎亮月，丽于高隅。」声音响亮清澈。如：「宏亮」、「嘹亮」。元·尚仲贤《单鞭夺槊·第三折》：「则听的语如钟，喝一声响亮春雷动。」忠贞正直。如：「高风亮节」。《文选·诸葛亮·出师表》：「此悉贞亮死节之臣也。」,亮
2,动显露、展示。如：「亮牌」、「亮相」。《儿女英雄传·第一五回》：「亮了兵器，就交起手来。」,亮
3,参见「亮阴 」条。,亮
1,连续而不倦怠。《诗经．大雅．文王》：「亹亹文王，令闻不已。」《三国演义．第六九回》：「辂亹亹而谈，言言精奥。」,亹亹
2,"往前进的样子。《楚辞．宋玉．九辩》：「时亹亹而过中兮,蹇淹留而无成。」",亹亹
1,傲慢的样子。《诗经．小雅．正月》：「执我仇仇，亦不我力。」,仇仇
1,众多。元．戴良〈绖?三十二韵赠友〉诗：「罅隙仍仍掩，高低故故平。」,仍仍
2,惆怅不得志的样子。《淮南子．精神》：「尝试为之击建鼓，撞巨钟，乃性仍仍然，知其盆瓴之足羞也。」,仍仍
1,勇壮的样子。《书经．泰誓》：「仡仡勇夫，射御不违。」《汉书．卷七十五．李寻传》：「昔秦穆公说諓諓之言，任仡仡之勇，身受大辱，社稷几亡。」,仡仡
2,高大的样子。《诗经．大雅．皇矣》：「临冲茀茀，崇墉仡仡。」,仡仡
1,"似乎、好像、近似。《文选．司马相如．长门赋》：「时仿佛以物类兮，象积石之将将。」《文选．潘岳．寡妇赋》：「耳倾想于畴昔兮，仿佛乎平素。」也作「仿佛」、「髣髴」。近好像﹑如同,似乎,犹如﹑宛如﹑宛若",仿佛
1,读书声。也作「咿唔」、「吾伊」。,伊吾
2,言语不清楚的样子。,伊吾
3,地名。位于新疆省哈密县及巴尔库山东北。,伊吾
1,形容说话声音不清晰。元．无名氏《冻苏秦．楔子》：「既然他两个要去，等他自措盘缠求官去来，省得在我耳根边，终日子曰子曰，伊哩乌芦的这般闹炒。」,伊哩烏蘆
1,忧烦郁结。《文选．何晏．景福殿赋》：「感乎溽暑之伊郁，而虑性命之所平。」,伊鬱
1,步行舒缓的样子。《诗经．小雅．小弁》：「鹿斯之奔，维足伎伎。」,伎伎
1,喜乐正道。《诗经．唐风．蟋蟀》：「好乐无荒，良士休休。」,休休
2,宽容、好善。《书经．秦誓》：「其心休休焉，其如有容。」,休休
3,退休。唐司空图退隐，题其所建亭名为休休，见《旧唐书．卷一九○．文苑传下．司空图传》。故以休休为退休意。宋．辛弃疾〈鹧鸪天．枕簟溪堂冷欲秋〉词：「书咄咄，且休休，一丘一壑也风流。」,休休
4,失意、失志。宋．李清照〈凤凰台上忆吹箫．香冷金猊〉词：「休休，者回去也，千万遍阳关，也则难留。」,休休
5,状声词。形容喘息、呼气的声音。《聊斋志异．卷二．阿宝》：「生卧三日，气休休若将 澌灭。」,休休
6,酒气发散，使人肢体舒畅。宋．苏轼〈沐浴启圣僧舍与赵德麟邂逅〉诗：「酒清不醉休休暖，睡稳如禅息息匀。」,休休
1,闲适、悠然自得的样子。《诗经．大雅．卷阿》：「伴奂尔游矣，优游尔休矣。」汉．郑玄．笺：「伴奂，自纵弛之意也。」也作「畔奂」。,伴奐
1,"孤独无依的样子。《聊斋志异．卷二．婴宁》：「伶仃独步，无可问程。」也作「伶丁」、「零丁」。近孤独,孤苦",伶仃
2,身体瘦弱的样子。元．王德信〈四块玉．信物存套．乌夜啼〉曲：「要相逢甚日何年在，则我这瘦伶仃形体如柴。」《金瓶梅．第九六回》：「谁人知道我心头，天害的我伶仃瘦！ 」也作「伶丁」、「零丁」。,伶仃
3,摇摆晃动的样子。《水浒传．第一一七回》：「武松醒来，看见左臂已折，伶仃将断。」,伶仃
4,俐落、爽快。《水浒传．第六五回》：「那人钻入舱里来，被梢公一手揪住，一刀落时，砍的伶仃，推下水去。」,伶仃
1,飘零孤单的样子。《乐府诗集．卷七三．杂曲歌辞十三．古辞．焦仲卿妻》：「昼夜勤作息，伶俜萦苦辛。」唐．杜甫〈新安吏〉诗：「肥男有母送，瘦男独伶俜。」,伶俜
1,形容有力的样子。《诗经．鲁颂．駉》：「有骍有骐，以车伾伾。」,伾伾
1,小的样子。《诗经．小雅．正月》：「佌佌彼有屋，蔌蔌方有谷。」,佌佌
1,低矮的样子。如：「低低的房屋。」反高高,低低
2,声音低微。南唐．李煜〈蝶恋花．遥夜亭皋闲倒步〉词：「桃李依依春暗度，谁在秋千，笑里低低语。」,低低
1,形容声音低沉喑哑。《董西厢．卷一》：「本待欲睡，忽听得栊门儿低哑。」,低啞
1,雍容自得的样子。《诗经．鄘风．君子偕老》：「委委佗佗，如山如河。」,佗佗
2,错综复杂的样子。《史记．卷一一七．司马相如传》：「与其穷极倦欲，惊惮慴伏，不被创刃而死者，佗佗籍籍，填坑满谷，揜平弥泽。」,佗佗
1,垂头丧气的样子。《初刻拍案惊奇．卷一二》：「对著墙里，叹了一口气，有一步，没一步的，佯佯走了去。」,佯佯
2,装模作样的样子。唐．韩偓〈厌花落〉诗：「也曾同在华堂宴，佯佯拢鬓偷回面。」《初刻拍案惊奇．卷二》：「那娼妓却笑容可掬，佯佯地道了个万福。」,佯佯
1,独行的样子。《诗经．小雅．大东》：「佻佻公子，行彼周行。」,佻佻
1,形容行走的声音。《楚辞．宋玉．招魂》：「豺狼从目，往来侁侁些。」,侁侁
1,刚直。唐．柳宗元〈银青光禄大夫右散骑常侍轻车都尉宜城县开国伯柳公行状〉：「立诚之节，侃侃焉无所屈也。」,侃侃
2,和乐的样子。《论语．先进》：「冉有、子贡，侃侃如也。」,侃侃
3,从容不迫的样子。如：「侃侃而谈」。,侃侃
1,和悦的样子。《汉书．卷七三．韦贤传》：「我徒侃尔，乐亦在而。」,侃爾
1,身材过度矮小的人。参见「侏儒症」条。反巨人,侏儒
2,古代表演杂伎或以滑稽动作引人笑乐的艺人。《荀子．王霸》：「俳优侏儒妇女之请谒以悖之。」,侏儒
3,梁上短柱。《礼记．明堂位》汉．郑玄．注：「藻棁，画侏儒柱，为藻文也。」唐．韩愈〈进学解〉：「夫大木为杗，细木为桷，欂栌侏儒，椳?扂楔，各得其宜，施以成室者，匠氏之工也。」,侏儒
1,"失志的样子。《楚辞．屈原．离骚》：「忳郁邑余侘傺兮，吾独穷困乎此时也。」三国魏．曹丕〈曹苍舒诔〉：「兼悲增伤，侘傺失气。」近潦倒,坎坷反轩眉",侘傺
1,诳骗。《诗经．陈风．防有鹊巢》：「谁侜予美」句下汉．郑玄．笺：「谁侜张诳欺我所美之人乎？」也作「诪张」。,侜張
1,枝叶柔弱的样子。《诗经．小雅．采薇》：「昔我往矣，杨柳依依；今我来思，雨雪霏霏。」,依依
2,留恋不舍的样子。唐．王维〈渭川田家〉诗：「田夫荷锄至，相见语依依。」如：「她依依不舍地离开家。」。,依依
3,想念、思慕。汉．李陵〈答苏武书〉：「望风怀想，能不依依。」,依依
4,依稀、隐约。晋．陶渊明〈归园田居〉诗五首之一：「暧暧远人村，依依墟里烟。」,依依
1,仿佛，不清楚的样子。唐．赵嘏〈江楼旧感〉诗：「同来望月人何处，风景依稀似去年。」《儒林外史．第二九回》：「那轿揭开帘子，轿里坐著一个戴方巾的少年，诸葛天申依稀有些认得。」,依稀
2,些许、微少。唐．黄滔〈祭陈先辈〉：「谨以依稀蔬果，一二精诚，愿冥符于肹蚃，申永诀于幽明。」,依稀
1,"依照约定。如：「他依约前去赴会。」反失约,爽约",依約
2,依稀隐约。唐．白居易〈答苏庶子〉诗：「蓬山闲气味，依约似龙楼。」清．厉鹗〈疏影．轻阴冉冉〉词：「依约匀梳月底，乱云铺满径。」,依約
3,大概、大约。唐．元稹〈和乐天示杨琼〉诗：「腰身瘦小歌圆紧，依约年应十六七。」唐．白居易〈赠邻里往还〉诗：「骨肉都卢无十口，粮储依约有三年。」,依約
4,承袭、结合。《礼记．表记》唐．孔颖达．正义：「文王之兴，依约先祖。」,依約
1,渐进。《史记．卷一二．孝武本纪》：「是岁，天子始巡郡县，侵寻于泰山矣。」宋．苏轼〈代张方平谏用兵书〉：「遂使侵寻及于诸国，岁岁调发。」也作「侵淫」。,侵尋
1,辩说的样子。《论语．乡党》：「孔子于乡党，恂恂如也，似不能言者。其在宗庙朝廷，便便言，唯谨尔。」,便便
2,肥胖的样子。《后汉书．卷八○．文苑传上．边韶传》：「韶口辩，曾昼日假卧，弟子私嘲之曰：『边孝先，腹便便。懒读书，但欲眠。』」,便便
1,姿态美好而婉转。《楚辞．屈原．大招》：「丰肉微骨，体便娟只。」《文选．张衡．南都赋》：「致饰程蛊，偠绍便娟。」,便娟
2,雪回旋飞舞的样子。《文选．谢惠连．雪赋》：「初便娟于墀庑，末萦盈于帷席。」,便娟
1,轻巧的样子。《文选．司马相如．上林赋》：「靓妆刻饰，便嬛绰约。」,便嬛
1,善于迎合他人。《论语．季氏》：「益者三友，损者三友。友直、友谅、友多闻，益矣；友便辟、友善柔、友便佞，损矣。」,便辟
1,容貌大而美的样子。《诗经．邶风．简兮》：「硕人俣俣，公庭万舞。」,俁俁
1,短暂、匆促的样子。晋．陆机〈豫章行〉：「促促薄暮景，亹亹鲜克禁。」,促促
2,忙碌困迫的样子。唐．李益〈效古促促曲为河上思妇作〉诗：「促促何促促，黄河九回曲。嫁与棹船郎，空床将影宿。」宋．徐照〈促促词〉：「促促复促促，东家欢欲歌，西家悲欲哭。」,促促
1,恭顺的样子。《诗经．周颂．丝衣》：「丝衣其紑，载弁俅俅。」,俅俅
1,惊惶急遽的样子。《楚辞．刘向．九叹．思古》：「魂俇俇而南行兮，泣霑襟而濡袂。」,俇俇
1,纷扰不安。《楚辞．宋玉．九辩》：「悼余生之不时兮，逢此世之俇攘。」,俇攘
1,从容自得的样子。《庄子．天道》：「无为则俞俞，俞俞者，忧患不能处，年寿长矣。」,俞俞
1,野兽徐行的样子。《诗经．小雅．吉日》：「儦儦俟俟，或群或友。」,俟俟
1,干枯不润泽的样子。汉．无名氏〈古歌〉：「胡地多飙风，树木何修修。」,修修
2,整齐的样子。唐．杜甫〈晦日寻崔戢李封〉诗：「李生园欲荒，旧竹颇修修。」,修修
3,谨持的样子。「修」文献异文作「修」。北魏．郦道元《水经注．淄水注》：「林之际 ，则绳坐疏班，锡钵闲设，所谓修修释子，眇眇禅栖者也。」,修修
4,状声词。形容风声。唐．白居易〈舟中雨夜〉诗：「江云暗悠悠，江风冷修修。」,修修
1,斜著眼睛看人，表示傲然轻视或瞧不起的意思。《史记．卷七七．魏公子传》：「侯生下见其客朱亥，俾倪故久立，与其客语，微察公子。」也作「睥睨」。,俾倪
2,古代城墙上的矮墙，通常设有射箭用的小孔，可以御敌或侦查。《墨子．备城门》：「俾倪广三尺，高二尺五寸。」战国．孙膑《孙膑兵法．陈忘问垒》：「发者，所以当俾倪也。」也作「埤堄」、「睥睨」。,俾倪
1,无所适从的样子。《礼记．仲尼燕居》：「治国而无礼，譬犹瞽之无相与，伥伥乎其何之？」《荀子．修身》：「人无法则伥伥然。」唐．杨倞．注：「伥伥，无所适貌，言不知所措履。」,倀倀
1,匆忙、急促。元．关汉卿《望江亭．第三折》：「小词仓猝对君书，付与你个知心人物。」《文明小史．第四八回》：「如今要把失信于民的过失恢复回来，断非仓猝所能办到。」也作「仓卒」。反从容,倉猝
1,"恐惧忙乱的样子。唐．陈鸿《长恨传》：「仓皇展转，竟就死于尺组之下。」《西游记．第九回》：「正在仓皇之际，忽见水面上一个死尸浮来，靠近江岸之旁。」也作「仓黄」、「仓惶」、「苍惶」。近紧张反镇定,从容",倉皇
1,"疾速。汉．蔡琰〈胡笳十八拍〉：「生倏忽兮如白驹之过隙，然不得欢乐兮当我之盛年。」《三国演义．第六八回》：「小童急欲问时，左慈已拂袖而去；其行如飞，倏忽不见。」近突然,忽然",倏忽
1,突然、很快的。《醒世恒言．卷四．灌园叟晚逢仙女》：「是人，如何又倏然无影？」《红楼梦．第六二回》：「大家方起席，散了一散，倏然不见了湘云。」也作「倏尔」。,倏然
1,安闲自在的徘徊。《文选．宋玉．风赋》：「然后倘佯中庭，北上玉堂，跻于罗帷，经于洞房，迺得为大王之风也。」《文选．左思．吴都赋》：「徘徊倘佯，寓目幽蔚。」也作「徜徉」。近徘徊,倘佯
1,悠闲自得的样子。唐．司空图《诗品．疏野》：「倘然适意，岂必有为，若其天放，如是得之。」,倘然
2,假使、如果。《文明小史．第三八回》：「倘然依著公法驳起他来，不但不该扰害我们的地方，就是驻兵也应该商量在先。」,倘然
1,卓异、特别。《文选．司马迁．报任少卿书》：「古者富贵而名摩灭，不可胜记，唯倜傥非常之人称焉。」《文选．王逸．鲁灵光殿赋》：「迢峣倜傥，丰丽博敞，洞轸轕乎，其无垠也。」,倜儻
2,卓越豪迈，洒脱不受约束的样子。《三国志．卷二一．魏书．阮籍传》：「瑀子籍，才藻艳逸，而倜傥放荡，行己寡欲，以庄周为模则。」《初刻拍案惊奇．卷一二》：「本是儒家子弟，生来心性倜傥佻?，顽耍戏浪，不拘小节。」,倜儻
1,童蒙无知的样子。汉．扬雄〈法言．序〉：「天降生民，倥侗颛蒙，恣乎情性，聪明不开。」也作「空侗」。,倥侗
1,事情纷繁迫促的样子。《后汉书．卷二五．卓茂传．论曰》：「婴城者相望，斯固倥偬　不暇给之日。」《文选．孔稚珪．北山移文》：「敲扑諠嚣犯其虑，牒诉倥偬装其怀。」,倥傯
2,穷困窘迫。《后汉书．卷五九．张衡传》：「将隆大位，必先倥偬之也。」《楚辞．刘向．九叹．思古》：「悲余生之无欢兮，愁倥偬于山陆。」也作「悾憁」。,倥傯
1,迂回遥远的样子。《诗经．小雅．四牡》：「四牡騑騑，周道倭迟。」,倭遲
1,俯仰。《诗经．小雅．北山》：「或栖迟偃仰，或王事鞅掌。」,偃仰
1,傲慢。《左传．哀公六年》：「彼皆偃蹇，将弃子之命。」明．凌蒙初《红拂记．第二出》：「则见他取角枕欹斜卧倒。更半支颐偃蹇频瞧。」,偃蹇
2,高立的样子。《楚辞．屈原．离骚》：「望瑶台之偃蹇兮，见有娥之佚女。」《文选．枚乘．七发》：「旍旗偃蹇，羽毛肃纷。」,偃蹇
3,屈曲。《淮南子．本经》：「偃蹇寥纠，曲成文章。」《初刻拍案惊奇．卷七》：「蛇龙偃蹇　，观阙嵯峨，缥缈笙歌沸。」,偃蹇
4,安卧。《后汉书．卷六○下．蔡邕传》：「我力能族人，蔡邕遂偃蹇者，不旋踵矣。」,偃蹇
5,困顿、失志。《聊斋志异．卷三．连城》：「少负才名，年二十余，犹偃蹇。」,偃蹇
1,用力的样子。《庄子．天道》：「又何偈偈乎揭仁义，若击鼓而求亡子焉？」,偈偈
1,强壮的样子。《诗经．小雅．北山》：「偕偕士子，朝夕从事。」,偕偕
1,高。即耸立。唐．李群玉〈小弟艎南游近书来〉诗：「停停倚门念，瑟瑟风雨夕。」,停停
2,平均、均分。元．武汉臣《老生儿．楔子》：「老夫待将我这家私停停的分开，与我这女儿和这姪儿。」元．张国宾《合汗衫．第二折》：「这个汗衫儿，婆婆，你从那脊缝儿停停的拆开者。」,停停
3,等一会儿，停一会儿。如：「你停停再走，不要那么急呀！」,停停
1,古代天文学上指朔日而初月见于东方。亦可形容畏缩犹豫，迟疑不进。《周礼．春官．保章氏》：「日月之变动」句下汉．郑玄．注：「日有薄食晕珥，月有盈亏朓侧匿之变。」《宋书．卷二三．天文志．序》：「朔而月见东方，谓之侧匿。侧匿，迟不敢进也。」,側匿
2,形容阴邪奸私。三国魏．阮籍〈元父赋〉：「故其人民，侧匿颇僻，隐蔽不公。」,側匿
1,独居的样子。《荀子．性恶》：「天下不知之，则傀然独立天地之间而不畏，是上勇也。 」,傀然
2,高大魁梧的样子。《聊斋志异．卷八．司文郎》：「有少年游寺中，白服裙帽，望之傀然　。」,傀然
1,徘徊不前。《史记．卷八六．刺客传．荆轲传》：「闻其家堂上客击筑，傍偟不能去。」也作「彷徨」。,傍偟
1,形容声音粗俗杂乱。《新唐书．卷一六八．刘禹锡传》：「鼓吹裴回，其声伧儜。」《聊斋志异．卷四．辛十四娘》：「酒数行，乐奏作于堂，鼓吹伧儜，宾主甚乐。」,傖儜
1,醉舞的样子。《诗经．小雅．宾之初筵》：「侧弁之俄，屡舞傞傞。」,傞傞
1,坚毅不屈的样子。晋．陶渊明〈感士不遇赋〉：「靡潜跃之非分，常傲然以称情。」,傲然
1,背脊弯曲的病。《淮南子．精神》：「子求行年五十有四，而病伛偻。」,傴僂
2,恭敬从命的样子。唐．韩愈〈谒衡岳庙遂宿岳寺题门楼〉诗：「升阶伛偻荐脯酒，欲以菲薄明其衷。」《聊斋志异．卷七．金和尚》：「上自方面，皆伛偻入，起拜如朝仪。」,傴僂
1,不多、只有。如：「仅仅一次」。也作「堇堇」、「廑廑」。,僅僅
1,舞动的样子。《诗经．小雅．宾之初筵》：「舍其坐迁，屡舞僊僊。」,僊僊
2,飘逸脱俗的样子。《庄子．在宥》：「意，毒哉，僊僊乎归矣。」《初刻拍案惊奇．卷四》：　「红线下世，毒哉僊僊。」,僊僊
1,劳顿的样子。如：「风尘仆仆」、「仆仆道途」。,僕僕
2,繁琐的样子。《孟子．万章下》：「子思以为鼎肉，使已仆仆尔亟拜也，非养君子之道也。」,僕僕
1,形容人姿势倾斜不能自正。《诗经．小雅．宾之初筵》：「乱我笾豆，屡舞僛僛。」,僛僛
1,明察的样子。《荀子．不苟》：「其谁能以己之僬僬，受人之掝掝者哉？」,僬僬
2,形容走得很急促。《礼记．曲礼下》：「士跄跄，庶人僬僬。」,僬僬
1,戒惧恭敬的样子。《诗经．召南．采蘩》：「被之僮僮，夙夜在公；被之祈祈，薄言还归。」,僮僮
1,悠闲的样子。《庄子．田子方》：「有一史后至者，儃儃然不趋，受揖不立。」唐．成玄英．疏：「儃儃，宽闲之貌也。」,儃儃
1,草木繁盛的样子。《汉书．卷二四．食货志上》：「故其诗曰：『或芸或芓，黍稷儗儗。』」也作「薿薿」。,儗儗
2,迷惑不解的样子。唐．柳宗元〈梦归赋〉：「若有鉥予以往路兮，驭儗儗以回复。」,儗儗
1,行人众多的样子。《诗经．齐风．载驱》：「汶水滔滔，行人儦儦。」,儦儦
1,和乐的样子。《诗经．商颂．长发》：「敷政优优，百禄是遒。」,優優
2,宽裕的样子。《礼记．中庸》：「优优大哉，礼仪三百，威仪三千。」,優優
1,宽待、宽容。《汉书．卷七二．鲍宣传》：「上以宣名儒，优容之。」《大宋宣和遗事．亨集》：「曹辅心在忧君，言甚鲠直，陛下不能优容，远加窜逐。」也作「优假」。近宽容,優容
1,和平。《文选．王襃．洞箫赋》：「优柔温润，又似君子。」,優柔
2,宽舒、从容不迫。《魏书．卷五六．郑羲传》：「垂心经素，优柔坟籍。」南朝梁．刘勰《文心雕龙．书记》：「故宜条畅以任气，优柔以怿怀。」,優柔
3,"因循不决。《新唐书．卷一○五．褚遂良传》：「昔汉武帝行岱礼，优柔者数年，臣愚愿加详虑。」如：「优柔寡断」。反果断,果决",優柔
1,"闲暇自得的样子。《诗经．大雅．卷阿》：「伴奂尔游矣，优游尔休矣。」明．江盈科《雪涛小说．妄心》：「我与尔优游以终余年，不亦快乎？」也作「优繇」、「优游」。反忙碌,匆忙",優游
2,委心任运。《淮南子．本经》：「古之人同气于天地，与一世而优游。」,優游
3,犹豫不决的样子。《尚书大传．卷四．康诰》：「周公将作礼乐，优游之三年不能作。」《汉书．卷五八．儿宽传》：「今将举大事，优游数年，使群臣得人自尽，终莫能成。」,優游
4,宽裕、有余裕。《淮南子．俶真》：「由此观之，物莫不生于有也，小大优游矣。」宋．萧德藻〈樵夫〉诗：「一担干柴古渡头，盘缠一日颇优游。」,優游
5,广大、宽广。《楚辞．屈原．九章．惜往日》：「封介山而为之禁兮，报大德之优游。」,優游
1,"闲暇自得的样子。《诗经．大雅．卷阿》：「伴奂尔游矣，优游尔休矣。」明．江盈科《雪涛小说．妄心》：「我与尔优游以终余年，不亦快乎？」也作「优繇」、「优游」。反忙碌,匆忙",優遊
2,委心任运。《淮南子．本经》：「古之人同气于天地，与一世而优游。」,優遊
3,犹豫不决的样子。《尚书大传．卷四．康诰》：「周公将作礼乐，优游之三年不能作。」《汉书．卷五八．儿宽传》：「今将举大事，优游数年，使群臣得人自尽，终莫能成。」,優遊
4,宽裕、有余裕。《淮南子．俶真》：「由此观之，物莫不生于有也，小大优游矣。」宋．萧德藻〈樵夫〉诗：「一担干柴古渡头，盘缠一日颇优游。」,優遊
5,广大、宽广。《楚辞．屈原．九章．惜往日》：「封介山而为之禁兮，报大德之优游。」,優遊
1,含糊笼统。宋．朱熹〈答张敬夫〉：「大抵日前所见，累书所陈者，只是儱侗地见得个大本达道底影象，便执认以为是了。」,儱侗
1,光彩明亮的样子。宋．张君房《云笈七签．卷九七．九华安妃赠杨司命诗．序》：「衣服儵儵有光，照眠室内如日中映视云母形也。」,儵儵
1,失志的样子。《庄子．田子方》：「子方出，文侯傥然终日不言。」唐．成玄英．疏：「傥然，自失貌。」,儻然
1,极似。如：「远远看去，瀑布俨如一条白练，悬挂于山间。」,儼如
1,高耸矗立的样子。唐．杨乘〈南徐春日怀古〉诗：「兴亡山兀兀，今古水浑浑。」明．朱权《荆钗记．第一九出》：「巍巍驾海紫金梁，兀兀擎天碧玉柱。」,兀兀
2,依然。金．元好问〈雁门道中书所见〉诗：「金城留旬浃，兀兀醉歌舞。」,兀兀
3,劳苦不息的样子。唐．韩愈〈进学解〉：「焚膏油以继晷，恒兀兀以穷年。」,兀兀
1,靴子。译自蒙古语。元．高安道〈哨遍．十载寒窗诚意套．尾〉：「新靴子投至能够完备，旧兀剌先磨了半截底。」元．无名氏《渔樵记．第二折》：「直等的蛇叫三声狗拽车，蚊子穿著兀剌靴。」,兀剌
2,语尾助词，无意义。元．白朴《梧桐雨．第四折》：「闷打颏和衣卧倒，软兀剌方才睡著。」明．汤显祖《牡丹亭．第二○出》：「冷松松，软兀剌四梢难动。」,兀剌
3,发语词，多用于指点或转换语气。元．无名氏〈斗鹌鹑．半世飘蓬套．圣药王〉曲：「醉醺醺无日不登楼，兀剌抵多少风雨替花愁。」也作「兀良」。,兀剌
1,"充满、遍布。《左传．襄公三十一年》：「敝邑以政刑之不修，寇盗充斥。」《五代史平话．晋史．卷下》：「晋与契丹绝好，北边寇盗充斥。」近充满,充溢",充斥
1,全然。宋．欧阳修〈五代史记一行传叙〉：「而搢绅之士，安其禄而立其朝，充然无复廉耻之色者皆是也。」,充然
2,满足。唐．韩愈〈上巳日燕太学听弹琴诗序〉：「追三代之遗音，想舞雩之咏叹。及暮而退，皆充然若有得也。」,充然
3,浩然、盛大。明．方孝孺〈赠王生序〉：「王生年二十余，调为宁海关市吏，其容凝然，其气充然，其守甚确。」,充然
1,明亮的样子。晋．闾丘冲〈三月三日应诏〉诗：「光光华辇，诜诜从臣。」《乐府诗集．卷二五．横吹曲辞五．梁鼓角横吹曲．地驱乐歌》：「月明光光星欲堕，欲来不来早语我。」,光光
2,勇武显赫的样子。《汉书．卷一○○．叙传下》：「子明光光，发迹西疆，列于御侮，厥子亦良。」晋．刘琨〈答卢谌〉诗：「光光段生，出幽迁乔。」,光光
3,尽、完了、一无所有。元．张国宾《合汗衫．第二折》：「眼见一家人儿烧的光光儿了也，教俺怎生过活咱？」《儒林外史．第二七回》：「就是老太要赶他出去，也分些本钱与他做生意，叫他两口子光光的怎样出去过日子？」,光光
4,仅、只。如：「光光是一次旅行，就花了他不少钱。」,光光
5,整齐漂亮的样子。《水浒传．第五回》：「帽儿光光，今夜做个新郎；衣衫窄窄，今夜做个娇客。」,光光
6,裸露的样子。《二十年目睹之怪现状．第六二回》：「脚穿的一双粉底内城式京靴，头上却是光光的没有戴帽。」,光光
1,光明、明亮的样子。元．汤式〈端正好．向朝阳套．滚绣毬〉曲：「青蔼蔼参差绕翠楹，光朗朗玲珑透碧棂。」也作「光绰绰」。,光朗朗
2,状声词。形容清脆响亮的声音。《英烈传．第六回》：「光朗朗一个声音，恍惚鹤鸣天表　；瑞溶溶全身体度，俨然凤舞高岗。」,光朗朗
1,光滑的样子。《西游记．第八二回》：「山脚下有一块大石，约有十余里方圆；正中间有缸口大的洞儿，爬得光溜溜的。」也作「光了了」。,光溜溜
2,形容草木、物体没有被遮盖，或人体不著衣物，完全赤裸的样子。如：「那个小孩脱的光溜溜的，在房里乱跑。」近光秃秃,光溜溜
3,眼睛转动不定的样子。《水浒传．第四五回》：「那和尚光溜溜一双贼眼，只睃趁施主娇娘。」也作「光禄禄」。,光溜溜
1,小心谨慎的样子。《书经．皋陶谟》：「无教逸欲有邦，兢兢业业，一日二日万几。」,兢兢
1,"形容谨肃恐惧，认真小心。《书经．皋陶谟》：「无教逸欲有邦，兢兢业业，一日二日万几。」《红楼梦．第一四回》：「自此兢兢业业，执事保全。」也作「矜矜业业」、「兢兢翼翼」、「业业兢兢」。近谨小慎微,小心翼翼反敷衍了事,敷衍塞责",兢兢業業
1,自我满足的样子。《荀子．宥坐》：「今学曾未如肬赘，则具然欲为人师。」,具然
1,缓慢行进的样子。《楚辞．屈原．离骚》：「老冉冉其将至兮，恐修名之不立。」《醒世恒言．卷四．灌园叟晚逢仙女》：「忽见月影下，一青衣冉冉而来。」,冉冉
2,柔弱下垂的样子。《文选．古诗十九首．冉冉孤生竹》：「冉冉孤生竹，结根泰山阿。」《文选．曹植．美女篇》：「柔条纷冉冉，叶落何翩翩。」,冉冉
3,浓密迷漫的样子。元．王实甫《西厢记．第二本．第一折》：「耳边厢金鼓连天振，征云冉冉，土雨纷纷。」明．王夫之〈玉楼春．娟娟片月涵秋影〉词：「绿云冉冉粉初匀，玉露泠泠香自省。」,冉冉
1,疾速的样子。《文选．木华．海赋》：「望涛远决，冏然鸟逝。」,冏然
1,远空。唐．杜甫〈寄韩谏议注〉诗：「鸿飞冥冥日月白，青枫叶赤天雨霜。」,冥冥
2,幽暗、晦暗。《文选．江淹．杂体诗．潘黄门》：「梦寐复冥冥，何由觌尔形。」唐．张籍〈猛虎行〉：「南山北山树冥冥，猛虎白日绕村行。」,冥冥
3,私下、暗中。《荀子．修身》：「行乎冥冥而施乎无报，而贤不肖一焉。」,冥冥
4,鬼魂所在之处。如：「下合冥冥」。,冥冥
1,模糊、幽深的样子。《文选．江淹．杂体诗．颜特进》：「青林结冥蒙，丹?被葱蒨。」也作「冥蒙」、「溟蒙」。,冥蒙
1,满布、密布的样子。唐．李华〈吊古战场文〉：「魂魄结兮天沉沉，鬼神聚兮云幂幂。」唐．元稹《莺莺传》：「幂幂临塘草，飘飘思渚蓬。」,冪冪
1,"打扮妖媚。《后汉书．卷五二．崔骃传》：「扬娥眉于复关兮，犯孔戒之冶容。」《文选．张华．女史箴》：「美者自美，翩以取尤，冶容求好，君子所雠。」近妖装,艳装",冶容
2,妖媚的容貌。《抱朴子．内篇．畅玄》：「冶容媚姿，铅华素质，伐命者也。」唐．权德舆〈八音〉诗：「丝泪可销骨，冶容竟何补。」,冶容
1,寒冷。宋．王偊偁〈李太白真赞序〉：「冷冷碧江，下浸秋石。」,冷冷
2,态度冷漠。如：「他只对她冷冷的一笑，一句寒暄的话也不肯说。」,冷冷
1,乌云密布，即将下雨的样子。《后汉书．卷六一．左雄传》：「有渰凄凄，兴雨祁祁。」也作「萋萋」。,凄凄
2,凄凉寒冷的样子。《诗经．小雅．四月》：「秋日凄凄，百卉具腓。」,凄凄
3,悲伤哀痛的样子。《楚辞．屈原．九章．悲回风》：「涕泣交而凄凄兮，思不眠以至曙。」,凄凄
4,水流的样子。《全唐诗．卷八○七．拾得诗》：「松拂盘陀石，甘泉涌凄凄。」,凄凄
1,寒凉。《庄子．大宗师》：「凄然似秋，暖然似春。」唐．羊士谔〈台中遇直晨览萧侍御壁画山水〉诗：「虫思庭莎白露天，微风吹竹晓凄然。」,凄然
2,凄凉悲伤。《三国演义．第五五回》：「蓦然想起在吴繁华之事，不觉凄然泪下。」,凄然
1,上升、高飞。唐．李白〈答高山人兼呈权顾二侯〉诗：「双萍易飘转，独鹤思凌厉。」宋．苏泂〈雨中花．十载尊前〉词：「尽期君凌厉，羽翮高秋。」,凌厲
2,形容豪气干云，奋行直前。晋．陶渊明〈咏荆轲〉诗：「凌厉越万里，逶迤过千城。」《明史．卷二二六．海瑞传》：「下令飙发凌厉，所司惴惴奉行，豪有力者至窜他郡以避。」反微弱,凌厲
1,形寒冷。如：「凛冽」、「凛凛」。《文选·潘岳·闲居赋》：「凛秋暑退，熙春寒往。」唐·韩琮〈秋晚信州推院亲友或责无书即事寄答〉诗：「月寒深夜桂，霜凛近秋松。」严肃、令人敬畏的样子。如：「大义凛然」、「凛不可犯」。《宋史·卷四○一·辛弃疾传》：「孰谓公死？凛凛犹生。」唐·孟郊〈送韩愈从军〉诗：「凄凄天地秋，凛凛军马令。」通「懔」。,凜
1,寒冷。汉．蔡琰〈胡茄十八拍〉诗一八首之五：「冰霜凛凛兮身苦寒，饥对肉酪兮不能餐。」《文选．潘岳．寡妇赋》：「夜漫漫以悠悠兮，寒凄凄以凛凛。」,凜凜
2,态度严肃，令人敬畏的样子。如：「威风凛凛」。,凜凜
1,态度正直，人格严正。汉．杨恽〈报孙会宗书〉：「夫西河魏土，文侯所兴，有段干木、田子方之遗风，凛然皆有节概，知去就之分。」唐．刘禹锡〈蜀先主庙〉诗：「天地英雄气，千秋尚凛然。」也作「凛如」。,凜然
1,安和稳重的样子。《诗经．豳风．狼跋》：「公孙硕肤，赤舄几几。」,几几
1,名军队战胜归来所奏的乐曲。如：「奏凯而归」。《陈书·卷二八·高宗二十九王传·晋熙王叔文传》：「随晋王、秦王等献凯而入，列于庙廷。」《警世通言·卷一二·范鳅儿双镜重圆》：「韩元帅平了建州，安民已定，同吕提辖回临安面君奏凯。」,凱
2,形和善、温和。《集韵·上声·海韵》：「恺，《说文》：『乐也。』或作凯。」《诗经·邶风·凯风》：「凯风自南，吹彼棘心。」《礼记·表记》：「凯弟君子，民之父母。」通「恺」。俗指出手大方阔绰。如：「你最近很凯喔！是不是发财了？」,凱
1,状声词：(1)​ 形容惊怪的声音。《左传．襄公三十年》：「或叫于宋大庙，曰：『??出出。』」(2)​ 形容摩擦声。元．钱霖〈哨遍．试把贤愚穷究套．三煞〉：「窗隔每都飐飐的飞，椅桌每都出出出的走。」,出出
1,动摇的样子。多用以形容草木。《庄子．齐物论》：「厉风济，则众窍为虚。而独不见之调调之刁刁乎？」晋．郭象．注：「调调、刁刁，动摇貌也。」,刁刁
1,头发短而乱。元．狄君厚〈夜行船．忆昔扬州套．新水令〉曲：「别来双鬓已刁骚，绮罗丛梦中频到。」元．无名氏《云窗梦．第二折》：「我如今鬓刁骚强整乌云，年纪大倦点朱唇。」也作「刁萧」、「刁搔」、「凋疏」、「雕骚」、「雕飕」。,刁騷
1,动咬、咬紧。如：「咬牙切齿」。《史记·卷八六·刺客传·荆轲传》：「此臣之日夜切齿腐心也。」贴近。如：「切身之痛」、「不切实际」。《荀子·劝学》：「诗书故而不切。」按脉。如：「望、闻、问、切」。《史记·卷一○五·扁鹊仓公传》：「不待切脉望色，听声写形，言病之所在。」,切
2,形密合。如：「贴切」、「亲切」。《晋书·卷五六·江统传》：「申论陆云兄弟，辞甚切至。」急迫、急促。如：「返乡心切」、「杜鹃声切」。《文选·李密·陈情表》：「诏书切峻，责臣逋慢。」所有的。参见「[[一切]]」条。,切
3,副一定、千万。如：「切记」。《老残游记·第一回》：「诸位切不可乱动。」,切
4,名要点。《汉书·卷八七·扬雄传下》：「请略举凡，而客自览其切焉。」古代拼音法。将两字拼读成一字的声音。原则是上字取声，下字取韵、调，如「端，都官切。」都取ㄉ音，官取ㄨㄢ韵，合读为「ㄉㄨㄢ」。参见「[[反切]]」条。,切
5,动用刀把东西割断、分开成几部分。如：「切菜」、「切断」、「切割」、「切水果」。向批发商批购货物。如：「切货」。电讯传播中，截断目前通讯，将第三消息插入。如：「将镜头切进来。」篮球赛中闪身进攻对方篮下。如：「空手切入」、「单刀切入」。一种球技。利用球拍做下切动作，使之旋转。用于网球、乒乓球等。几何学上指直线与弧线或两弧线相接于一点。如：「两圆相切」。,切
1,情意真诚恳切。《论语．子路》：「朋友切切偲偲，兄弟怡怡。」,切切
2,深切的。《西游记．第三二回》：「行者闻言，把功曹叱退，切切在心。」《初刻拍案惊奇．卷二三》：「行修见说得奇怪，切切记之于心。」,切切
3,十分忧怨哀伤。南朝梁．江淹〈伤爱子赋〉：「形惸惸而外施，心切切而内圮。」唐．韦夏卿〈别张贾〉诗：「切切别思缠，萧萧征骑烦。」,切切
4,怀念、思念。唐．张九龄〈西江夜行〉诗：「悠悠天宇旷，切切故乡情。」元．郑光祖《倩女离魂．第二折》：「使小生切切于怀，放心不下。」,切切
5,状声词：(1)​ 形容声音悲切。宋．欧阳修〈秋声赋〉：「凄凄切切，呼号愤发。」(2)​ 形容声音细小。唐．白居易〈琵琶行〉：「大弦嘈嘈如急雨，小弦切切如私语。」,切切
6,告诫、叮咛的语辞。多用在公文末尾。如：「切切毋违」。近千万,切切
1,行列分明。《文选．潘岳．怀旧赋》：「岩岩双表，列列行楸。」,列列
2,高大的样子。《文选．张衡．西京赋》：「增桴重棼，锷锷列列。」,列列
3,风吹的样子。《文选．成公绥．啸赋》：「列列飙飙，啾啾响作。」,列列
1,闪电。《汉书．卷八七．扬雄传上》：「辟历列缺，吐火施鞭。」唐．李白〈梦游天姥吟留别〉诗：「列缺霹雳，丘峦崩摧。」,列缺
2,高空。《楚辞．屈原．远游》：「上至列缺兮，降望大壑。」,列缺
1,动用刀削去物体表面的东西。如：「刮胡子」、「刮鱼鳞」。唐·韩愈〈进学解〉：「刮垢磨光，盖有幸而获选。」擦拭。如：「刮目相看」。《资治通鉴·卷三九·汉纪三十一·淮阳王更始元年》：「更始羞怍，俛首刮席，不敢视。」比喻剥削、聚敛。如：「搜刮财物」。《新唐书·卷二一三·藩镇淄青横海传·程日华传》：「马瘠，士饥死，刺史不弃豪发恤吾急，今刮地以去，吾等何望？」吹袭。唐·无名氏〈冬〉诗：「浩汗霜风刮天地，温泉火井无生意。」同「刮 」。比喻训斥、责骂。如：「他被上司刮了一顿。」,刮
1,状声词。形容烈火烧物的声音。元．高文秀《黑旋风．第二折》：「你是个小主人家，可不道管著一个甚也。我恨不得一把火刮刮匝匝，烧了你这村房舍。」也作「刮刮咂咂」、「刮刮杂杂」。,刮刮匝匝
1,状声词。形容烈火烧物的声音。《水浒传．第六回》：「凑巧风紧，刮刮杂杂地火起，竟天价烧起来。」也作「刮刮匝匝」、「刮刮咂咂」。,刮刮雜雜
1,动清除、去垢。如：「刷牙」、「刷鞋」。《尔雅·释诂下》：「刷，清也。」《晏子春秋·内篇·谏上》：「公刷涕而顾晏子。」洗雪。如：「洗刷冤情」。《史记·卷四○·楚世家》：「昭雎曰：『王虽东取地于越，不足以刷耻；必且取地于秦，而后足以刷耻于诸侯。』」涂抹。如：「刷墙」、「刷油漆」。淘汰。如：「他在决赛中被刷掉了。」,刷
2,名用来清除污垢或涂抹的器具。如：「牙刷」、「鞋刷」、「油漆刷」。,刷
3,状形容迅速擦过的声音。如：「刷刷作响」。,刷
4,参见「刷选 」条。,刷
1,状声词。形容沙沙作响的声音。元．郑光祖《㑇梅香．第二折》：「珰珰的水滴铜壶玉漏敲，刷刷的风飐芭蕉凤尾摇。」也作「刷刷刷」。,刷刷
1,状声词。形容物体迅速磨擦所发出的声音。如：「大清早便听到父亲将铁门刷拉一声拉起。」也作「刷剌剌」。,刷拉
1,动以尖锐的东西扎入。如：「穿刺」。《广韵·入声·昔韵》：「刺，穿也。」宋·陆游〈出塞曲〉：「佩刀一刺山为开，壮士大呼城为摧。」暗杀。如：「行刺」、「刺杀」。《尔雅·释诂上》：「刺，杀也。」《史记·卷八六·刺客传·豫让传》：「（豫让）​乃变名姓为刑人，入宫涂厕，中挟匕首，欲以刺襄子。」以尖锐的话指出别人的过失。如：「讽刺」、「讥刺」。《汉书·卷八九·龚遂传》：「面刺王过，王至掩耳起走。」暗中打听。如：「刺探」。《汉书·卷七四·丙吉传》：「驭吏因随驿骑至公车刺取，知虏入云中、代郡，遽归府见吉白状。」唐·颜师古·注：「刺，谓探候之也。」刺激使产生不好的感觉。如：「刺眼」、「刺耳」、「刺鼻」。,刺
2,名细而尖锐的东西。如：「竹刺」、「芒刺」、「鱼刺」。名片、名帖。如：「名刺」、「刺帖」、「投刺」。姓。如唐代有刺正甫。,刺
1,多言的样子。唐．韩愈〈送殷员外序〉：「丁宁顾婢子，语刺刺不能休。」,刺刺
1,状声词。形容脚底滑动或物体迅速滑过的声音。如：「箭刺溜的从头上飞过去。」,刺溜
1,状声词。形容风声或拍击声。唐．李商隐〈送千牛李将军赴阙五十韵〉：「去程风剌剌，别夜漏丁丁。」,剌剌
2,语助词。表示加重语气。元．王晔《桃花女．第三折》：「倒做这等魇镇事，欺心剌剌的。我不去！我不去！」《红楼梦．第二六回》：「薛蟠道：『越发说的人热剌剌的丢不下。』」,剌剌
1,动脱落。《广雅·释诂》：「剥，脱也。」《庄子·人间世》：「夫柤梨橘柚果蓏之属，实熟则剥。」北魏·郦道元《水经注·谷水注》：「文字剥缺，不复可识。」脱去。唐·白居易〈新乐府·杜陵叟〉：「剥我身上帛，夺我口中粟。」《水浒传·第四三回》：「朱贵慌忙拦住，李逵方才住了手就士兵身上，剥了两件衣服穿上。」除去物体外表的皮壳。如：「剥橘子」、「剥花生」、「抽丝剥茧」。强制除去。如：「剥削」、「剥夺」。〈后汉书·卷七八·宦者传·序〉：「狗马饰雕文，土木被缇绣。皆剥割萌黎，竞恣奢欲。」,剝
2,名《易经》卦名。六十四卦之一。坤（☷）​下艮（☶）​上，剥落之象。,剝
3,（一）​之语音。,剝
1,状声词：(1)​ 形容啄木的声音。宋．韩琦〈啄木〉诗：「剥剥复卜卜，意若念良木。」(2)​ 形容敲门的声音。唐．韩愈〈剥啄行〉：「剥剥啄啄，有客至门。」,剝剝
1,状声词。形容轻轻敲打门户的声音。《通俗编．声音》：「高适诗：『岂有白衣来剥啄。』剥啄，叩门声也。」,剝啄
1,物体剥蚀而脱落。唐．白居易〈题流沟寺古松〉诗：「烟叶葱茏苍麈尾，霜皮剥落紫龙鳞。」《儒林外史．第二三回》：「棺材贴头上有字，又被那屋上没有瓦，雨零下来，把字迹都剥落了。」近斑剥,剝落
2,落第。元．郑廷玉《金凤钗．第二折》：「投至二十载苦功名，却不想半霎剥落了。」也作「驳落」、「薄落」。,剝落
1,发光的样子。《楚辞．屈原．离骚》：「皇剡剡其扬灵兮，告余以吉故。」,剡剡
1,形容皮、肉撕裂开来。《聊斋志异．卷一．画皮》：「妪仆，人皮划然而脱，化为厉鬼。」,劃然
1,动用刀斧等从纵面将物体破开。如：「劈柴」、「劈成两半」、「直劈而下」。唐·白居易〈浔阳三题˙溢浦竹〉诗：「剖劈青琅玕，家家盖墙屋。」宋·乐雷发〈乌乌歌〉：「请君为我焚却离骚赋，我亦为君劈碎太极图。」雷电击毁。如：「天打雷劈」。朝著、对著。如：「劈面」、「劈头」。《水浒传·第三八回》：「李逵听了，便把鱼汁劈脸泼将出去，淋那酒保一身。」,劈
2,参见「劈柴 」条。,劈
1,形容燃烧时爆裂的声音或撞击拍打的声音。,劈劈啪啪
1,状声词。形容燃烧时爆裂的声音或撞击拍打的声音。如：「木材正劈啪劈啪的燃烧著。」,劈啪
1,状声词。形容爆裂、拍打等的连续声音。如：「鞭炮劈里啪啦响。」,劈里啪啦
1,追求不息的样子。唐．韩愈〈贞曜先生墓志铭〉：「人皆劫劫，我独有余。」,劫劫
2,世世。唐．白居易〈画水月菩萨赞〉：「生生劫劫，长为我师。」,劫劫
1,劳苦的样子。宋．程俱〈和柳子厚读书〉诗：「谁能三万卷，悬头苦劬劬。」,劬劬
1,急迫不安的样子。唐．韩愈〈刘统军碑〉：「蔡卒幸丧，围我许郛。新师不牢，劻勷将逋。」唐．白居易〈渭村退居寄礼部崔侍郎翰林钱舍人〉诗一百韵：「乐天无怨叹，倚命不匡勷。」,劻勷
1,旺盛的样子。唐．韩愈〈与汝州卢郎中论荐侯喜状〉：「今胸中之气，勃勃然复有仕进之路矣。」,勃勃
2,轻迅的样子。汉．扬雄《法言．渊骞》：「攀龙鳞，附凤翼，巽以扬之，勃勃乎不可及也。」,勃勃
1,状声词。形容马蹄声。《水浒传．第一三回》：「那绿茸茸芳草地上，八个马蹄，翻盏撒钹相似，勃喇喇地风团儿也似般走。」也作「刮剌剌」。,勃喇喇
1,发怒冲动的样子。《孟子．万章下》：「王勃然变乎色。」《战国策．赵策三》：「威王勃然怒曰：『叱嗟！而母婢也！』」也作「勃如」。,勃然
2,兴起、奋起的样子。《淮南子．兵略》：「有圣人勃然而起，乃讨强暴，平乱世，夷险除秽，以浊为清，以危为宁。」,勃然
3,突然。《庄子．天地》：「荡荡乎，忽然出，勃然动，而万物从之乎。」,勃然
1,匍匐慢行。,勃窣
2,形容人言谈缓慢。《晋书．卷七五．张凭传》：「帝召与语，叹曰：『张凭勃窣为理窟。』」,勃窣
1,激动的样子。《董西厢．卷二》：「法聪觑了，勃腾腾地无明发。」也作「不登登」、「不邓邓」、「不腾腾」、「扑登登」、「扑邓邓」、「扑腾腾」。,勃騰騰
2,飞腾兴起的样子。元．马致远《岳阳楼．第二折》：「恰行过高耸耸卧仙台陈抟华山，又过了勃腾腾来紫气老子函关。」,勃騰騰
1,风旋转的样子。《文选．宋玉．风赋》：「勃郁烦冤，冲孔袭门。」,勃鬱
2,兴起。宋．陈造〈徐南卿招饭〉诗：「老子旅寓得此饱，勃郁诗情喙三尺。」,勃鬱
1,惆怅伤感。《乐府诗集．卷七三．杂曲歌辞十三．古辞．焦仲卿妻》：「举手长劳劳，二情同依依。」,勞勞
2,辛劳、忙碌。唐．元稹〈送东川逢侍御使回十韵〉：「流年等头过，人世各劳劳。」唐．陈陶〈渡浙江〉诗：「壮心殊未展，登步漫劳劳。」,勞勞
3,稀疏的样子。唐．李贺〈夜饮朝眠曲〉：「觞酣出座东方高，腰横半解星劳劳。」,勞勞
4,言语叨絮不休的样子。宋．张耒〈莎鸡〉诗：「劳劳终夕语，共此簷月光。」,勞勞
5,地名。位于江苏省江宁县南，为古代送别的地方。,勞勞
1,即勉勉，勤奋不懈的样子。《礼记．礼器》：「洞洞乎其敬也，属属乎其忠也，勿勿乎其欲其飨之也。」汉．郑玄．注：「勿勿，犹勉勉也。」,勿勿
2,仓皇急遽的样子。晋．王羲之〈章草帖〉：「旨信送之，勿勿当付良信。」唐．杜牧〈遣兴〉诗：「浮生长勿勿，儿小且呜呜。」,勿勿
3,忧愁恍忽的样子。晋．王羲之〈延期帖〉：「兄弟上下远至此，慰不可言，嫂不和，忧怀深，期等殊勿勿燋心。」,勿勿
1,"匆忙、急遽的样子。《五代史平话．周史．卷上》：「昨来举事太匆匆，如今奈何？」《三国演义．第三四回》：「昨见主公匆匆而回，意甚不乐。」如：「行色匆匆」。近急急,仓促,匆忙,匆促",匆匆
1,喧哗、吵嚷。《庄子．在宥》：「自三代以下者，匈匈焉，终以赏罚为事，彼何暇安其性命之情哉！」《汉书．卷六十五．东方朔传》：「天不为人之恶寒而辍其冬，地不为人之恶险而辍其广，君子不为小人之匈匈而易其行。」,匈匈
2,动乱不安。《史记．卷七．项羽本纪》：「天下匈匈数岁者，徒以吾两人耳，愿与汉王挑　战决雌雄，毋徒苦天下之民父子为也。」《南史．卷七十．循吏传．沈瑀传》：「不然人 情匈匈，皆思改计；若不早图，众散难合。」,匈匈
1,手足伏地爬行。《庄子．秋水》：「不闻夫寿陵余子之学行于邯郸与？未得国能，又失其故行矣！直匍匐而归耳。」明．马中锡《中山狼传》：「先生伏质就地，匍匐北进。」也作「匍伏」、「蒲伏」、「蒲服」。近蒲伏,匍匐
2,比喻急遽、尽力。《诗经．邶风．谷风》：「凡民有丧，匍匐救之。」《文选．刘琨．答卢谌诗》：「裹粮携弱，匍匐星奔。」,匍匐
1,微小。《左传．襄公十七年》：「宋国区区，而有诅有祝，祸之本也。」《旧唐书．卷一一 一．张镐传》：「臣闻天子修福，要在安养含生，靖一风化，未闻区区僧教，以致太平。」近戋戋,區區
2,自称的谦词。《文选．李陵．答苏武书》：「区区之心，切慕此耳。」《文选．李密．陈情表》：「母孙二人更相为命，是以区区不能废远。」,區區
3,志得意满的样子。《商君书．修权》：「今乱世之君臣，区区然皆擅一国之利，而管一官之重，以便其私。」,區區
4,忠诚、爱恋。《文选．古诗十九首．孟冬寒气至》：「一心抱区区，惧君不识察。」《乐府诗集．卷七十三．杂曲歌辞十三．古辞．焦仲卿妻》：「新妇谓府吏：『感君区区怀， 君既若见录，不久望君来。』」,區區
5,胸襟不开朗。《董西厢．卷一》：「莫区区，好天良夜且追游。」,區區
6,憨愚，死心眼。《乐府诗集．卷七十三．杂曲歌辞十三．古辞．焦仲卿妻》：「阿母谓府吏：『何乃太区区。』」《隋书．卷六十四．来护儿传》：「会为国灭贼以取功名，安能　区区久事陇亩！」,區區
7,辛苦、殷勤。《董西厢．卷一》：「区区四海游学，一年多半，身在天涯。」元．郑光祖 《㑇梅香．第二折》：「小生区区千里而来，只为小姐这门亲事。」,區區
1,形容数目众多。唐．章碣〈赠边将〉诗：「千千铁骑拥尘红，去去平吞万里空。」宋．张先〈千秋岁．数声??〉词：「心似双丝网，中有千千结。」,千千
2,碧绿的样子。《文选．宋玉．高唐赋》：「仰视山颠，肃何千千。」《文选．潘岳．藉田赋》　：「蝉冕颎以灼灼兮，碧色肃其千千。」也作「芊芊」。,千千
1,自勉的样子。《史记．卷六三．老子韩非传．太史公曰》：「申子卑卑，施之于名实。」南朝宋．裴骃．集解：「自勉励之意也。」,卑卑
2,平庸、微不足道。唐．鲍溶〈子规〉诗：「戚戚含至冤，卑卑忌群势。」,卑卑
1,形容风、火等猛烈急促的样子。《宋元戏文辑佚．陈巡检梅岭失妻》：「猛风卒律律，鼓起雷声，震动山川，百怪藏形。」元．杨讷《西游记．第八出》：「火鸦鸣振惊天上，火瓢倾卒律律四远光茫。」也作「崒律律」。,卒律律
1,高的样子。汉．严忌〈哀时命〉：「处卓卓而日远兮，志浩荡而伤怀。」唐．孟郊〈峡哀〉诗：「月魄高卓卓，峡窟清沉沉。」,卓卓
2,杰出。《文选．袁宏．三国名臣序赞》：「卓卓若人，曜奇赤壁。」南朝梁．刘勰《文心雕龙．风骨》：「孔氏卓卓，信含异气。」,卓卓
1,高远特立的样子。《汉书．卷一○．成帝纪》：「丞相、御史其与中二千石、二千石杂举可充博士位者，使卓然可观。」唐．元稹《莺莺传》：「公垂卓然称异，遂为莺莺歌以传之。」,卓然
1,卓绝超群。《文选．左思．咏史诗八首之一》：「弱冠弄柔翰，卓荦观群书。」《儒林外史．第二九回》：「风流高会，江南又见奇踪，卓荦英姿，海内都传雅韵。」也作「卓跞」。,卓犖
1,名古人灼烧龟甲或牛骨，辨视其裂纹以推断事情吉凶的行为。如：「占卜」、「龟卜」。泛指一般预测吉凶的方法。如：「卜卦」。清·王渔洋〈灞桥寄内〉诗二首之二：「闺中若问金钱卜，秋雨秋风过灞桥。」掌管问卜之事的人。《楚辞·屈原·卜居》：「心烦虑乱，不知所从，往见太卜郑詹尹。」《礼记·王制》：「凡执技以事上者，祝史射御医卜及百工。」古剧脚色名称。饰演老妇人，如今戏中的老旦。如：「卜儿」。《永乐大典戏文三种·宦门子弟错立身·第五出》：「（末卜商量介）​万事不由人计较，一生都是命安排。」姓。如春秋时卫国有卜商，清代有卜舜牟。二一四部首之一。,卜
2,动灼龟占卦。《左传·僖公四年》：「初，晋献公欲以骊姬为夫人，卜之不吉。」预料、事先推断。如：「未卜先知」、「胜败可卜」。《史记·卷六五·孙子吴起传》：「试延以公主，起有留心则必受之，无留心则必辞矣。以此卜之。」选择。如：「卜居」、「卜邻」。《左传·昭公三年》：「非宅是卜，唯邻是卜。」宋 ·陆游〈吕从事夫人方氏墓志铭〉：「以潦水啮墓趾，改卜于旧墓少东二百步。」,卜
1,啄木的声音。宋．韩琦〈啄木〉诗：「剥剥复卜卜，意若念良木。」,卜卜
1,占卜以判断吉凶。,占斷
2,全部占有。唐．吴融〈杏花〉诗：「粉薄红轻掩敛羞，花中占断得风流。」,占斷
1,兴盛的样子。《诗经．大雅．卷阿》：「颙颙卬卬，如圭如章。」,卬卬
2,高昂的样子。《荀子．赋》：「卬卬兮，天下之咸蹇也。」,卬卬
1,充实。《汉书．卷二二．礼乐志》：「硙硙即即，师象山则。乌呼孝哉，案抚戎国。」颜师古注引孟康曰：「即即，充实也。」,即即
2,状声词。形容凤鸟的鸣声。汉．王充《论衡．讲瑞》：「雄曰凤，雌曰凰。雄鸣曰即即，雌鸣曰足足。」,即即
1,凋零、零落的样子。唐．韩愈〈秋怀诗〉一一首之八：「卷卷落地叶，随风走前轩。」,卷卷
2,真挚诚恳。《汉书．卷六四下．贾捐之传》：「臣幸得遭明盛之朝，蒙危言之策，无忌讳之患，敢昧死竭卷卷。」也作「拳拳」、「惓惓」。,卷卷
1,稍微向后退。《乐府诗集．卷三七．相和歌辞十二．汉．无名氏．陇西行》：「却略再拜跪，然后持一杯。」,卻略
1,安静的样子。《诗经．小雅．湛露》：「厌厌夜饮，不醉无归。」,厭厭
2,茂盛的样子。《诗经．周颂．载芟》：「厌厌其苗，绵绵其麃。」,厭厭
3,露水重的样子。元．郑光祖《倩女离魂．第二折》：「趁著这厌厌露华，对著这澄澄月下，惊的那呀呀呀寒鴈起平沙。」,厭厭
4,暗淡、微弱的样子。《汉书．卷七五．李寻传》：「列星皆失色，厌厌如灭。」,厭厭
5,虚弱生病的样子。元．白朴《东墙记．第一折》：「早是这两日茶饭不进，厌厌瘦削。」《初刻拍案惊奇．卷一六》：「只是王氏生来娇怯，厌厌弱病尝不离身的。」也作「恹恹」。,厭厭
1,杂乱不齐的样子。《诗经．周南．关雎》：「参差荇菜，左右流之。」北魏．郦道元《水经注．江水注》：「其间远望，势交岭表，有五六峰，参差互出。」反整齐,參差
2,不一致、有问题。《初刻拍案惊奇．卷二九》：「有甚么说话参差了？不然或是女孩儿　家贪睡，忘记了。」《儒林外史．第八回》：「为这交盘的事，彼此参差著，王太守不肯就接。」,參差
3,大约、几乎。唐．白居易〈长恨歌〉：「中有一人字太真，雪肤花貌参差是。」宋．辛弃疾〈水龙吟．老来曾识渊明〉词：「老来曾识渊明，梦中一见参差是。」,參差
1,态度庄重的样子。《诗经．周颂．执竞》：「威仪反反，既醉既饱，福禄来反。」《诗经．小雅．宾之初筵》：「其未醉止，威仪反反。」,反反
1,状声词。形容淘米的声音。《诗经．大雅．生民》：「释之叟叟，烝之浮浮。」也作「溲溲」。,叟叟
1,状声词。形容物体转动的声音。元．杨梓《豫让吞炭．第三折》：「将匕首拔，觑著你软肋上扎，教古鲁鲁鲜血浸寒沙。」也作「土鲁鲁」、「古鹿鹿」、「骨噜噜」、「骨鲁鲁」、「骨辘辘」。,古魯魯
1,孤孑、单独的样子。元．金仁杰《追韩信．第四折》：「羞答答耻向东吴再起兵，另巍巍孤掌难鸣。」,另巍巍
2,高耸的样子。元．无名氏《朱砂担．第二折》：「急旋旋浅涧深沟，刚抹过另巍巍这座层峦。」《水浒传．第四六回》：「山前有一座另巍巍冈子，便唤做独龙冈。」,另巍巍
1,既贪心又懈怠。《新唐书．卷一七一．李光进传》：「初，田缙镇夏州，以叨沓开边隙，故党项引吐蕃围泾州，郝玭力战破之。」,叨沓
1,动敲、击。如：「叩门」、「叩关」。《论语·宪问》：「以杖叩其胫。」唐·白居易〈长恨歌〉：「金阙西厢叩玉扃，转教小玉报双成。」磕、触。如：「叩头」、「叩首」。《儿女英雄传·第三七回》：「安老爷听得这个，说了句岂敢，连忙赶过去，合他膀子靠膀子的，也那么闹了一阵，口里却说的是：『还叩，还叩，还叩。』」询问、请问。如：「叩安」、「执经叩问」。清·方苞〈左忠毅公轶事〉：「叩之寺僧，则史公可法也。」叩头、叩首的简称。如：「三跪九叩」。牵、拉住。《史记·卷六一·伯夷传》：「伯夷、叔齐叩马而谏。」同「扣 」。,叩
1,郑重恳切。三国魏．繁钦〈定情〉诗：「何以致叩叩？香囊系肘后。」,叩叩
2,状声词：(1)​ 形容敲门的声音。如：「他叩叩的敲门，却无人应声。」(2)​ 形容行走时鞋跟触地发出的声音。如：「她踩著一双红色的高跟鞋，叩叩、叩叩的走进大厅。 」,叩叩
1,名参见「[[喇叭]]」条。,叭
2,状形容汽车、机车的喇叭声。如：「忽听叭的一声，吓了我一跳！」或叠字作「叭叭」。,叭
1,动蚊、蚁或蜜蜂等昆虫螫咬人畜。如：「被蚊子叮了。」再三吩咐。如：「叮咛」、「叮嘱」。,叮
2,状参见「叮当」、「叮叮当当」、「叮叮咚咚」等条。,叮
1,状声词。形容金属、玉石等较具规律的敲击声或乐声。如：「棒棰打在琴键上，叮叮咚咚的响，非常悦耳动听！」,叮叮咚咚
1,状声词。形容玉石、金属的撞击声。元．周文质〈叨叨令．叮叮当当铁马儿〉曲：「叮叮当当马儿乞留玎琅闹，啾啾唧唧促织儿依柔依然叫。」也作「当当丁丁」、「丁丁当当」。,叮叮噹噹
2,引申为名声响亮。《水浒传．第二四回》：「我是一个不带头巾男子汉，叮叮当当响的婆娘，拳头上立得人，胳膊上走得马，人面上行的人，不是那等搠不出的鳖老婆！」,叮叮噹噹
1,状声词。形容有规律的敲击声或乐声。如：「琴音叮咚叮咚的传来，悠扬悦耳，使人陶醉。」,叮咚叮咚
1,状声词。形容金、石、玉器等互相碰击的声音。《西游记．第一一回》：「只见那壁环珮叮当，仙香异常。」《红楼梦．第五三回》：「鸦雀无闻，只听铿锵叮当，金铃玉佩微微摇曳。」也作「玎珰」、「丁当」。,叮噹
2,一种和尚做佛事所用的法器。形如铜锣，有木把。后亦指孩童所玩的小锣。《儒林外史．第一六回》：「小孩子吹的箫，打的叮当，女人戴的锡簪子。」,叮噹
3,引申为打破东西。《金瓶梅．第五八回》：「如何恁拏出来？一时叮当了我这镜子，怎了？」,叮噹
4,冲突、动武。如：「他们两个人你一句我一句的叮当起来了！」,叮噹
1,恰好、正巧。元．武汉臣《生金阁．第一折》：「今日买卖十分苦，可可撞见大官府。」元．郑光祖《三战吕布．第三折》：「我领著元帅将令，将著衣袍铠甲，正走中间，可可的撞著个大眼汉当住我。」,可可
2,不经心的样子。十国蜀．薛昭蕴〈浣溪沙．帘外三间出寺墙〉词：「瞥地见时犹可可，却来闲处暗思量。」宋．柳永〈定风波．自春来〉词：「自春来，惨绿愁红，芳心是事可可。」,可可
3,植物名。梧桐科可可树属，常绿小乔木。为英语 cocoa的音译。原产于南美洲，热带地区栽培颇众。种子去皮，焙炒碾粉，即可可亚，除供制造巧克力糖外，且可充作饮料。,可可
1,动大声责骂。如：「怒叱」。《礼记·曲礼上》：「尊客之前不叱狗。」吆喝。如：「呼叱」、「喝叱」。唐·白居易〈新乐府·卖炭翁〉：「手把文书口称敕，回车叱牛牵向北。」,叱
1,状声词。形容急呼吆喝的声音。宋．陆游〈致仕后述怀〉诗六首之五：「叱叱驱黄犊，行行跨白驴。」,叱叱
1,状声词。形容怒斥的声音。《战国策．赵策三》：「叱嗟！而母婢也。」,叱嗟
1,叹表示惊叹、疑怪的意思。《玉篇·口部》：「吁，疑怪之辞，惊语也。」《文选·张衡·东京赋》：「吁！汉帝之德，侯其袆而。」唐·韩愈〈进学解〉：「吁！子来前！夫大木为杗，细木为桷。」,吁
2,动叹息。如：「长吁短叹」。唐·李白〈古风〉诗五九首之五六：「献君君按剑，怀宝空长吁。」宋·刘宰〈野犬行〉：「过者且勿叹，闻者且莫吁。」,吁
3,形忧愁。《诗经·周南·卷耳》：「我仆痡矣，云何吁矣。」,吁
1,喘气声。元．关汉卿《五侯宴．第三折》：「我这里立不定、吁吁的气喘，我将这绳头　儿呵的来觉软。」元．刘庭信〈寨儿令．夜未央〉曲：「喘吁吁娇滴滴，香馥馥汗浸浸 。」,吁吁
2,惊恐的样子。唐．柳宗元〈乞巧文〉：「吁吁为诈，坦坦为忝，他人有身，动必得宜。　」,吁吁
1,状声词。形容物体相碰所发出的声音。元．郑光祖《倩女离魂．第二折》：「各剌剌向长安道上把车儿驾，但愿得文苑客当时奋发。」也作「合剌剌」、「屹剌剌」、「扢剌剌」。,各剌剌
1,状声词。形容东西相撞击、折断的声音。元．萧德祥《杀狗劝夫．第一折》：「我坟前去那场恨，还家去怒生嗔，只待要各支支拷二百粗荆棍。」也作「革支支」、「格支支」、「各支」。,各支支
1,状声词。形容碰撞的声音。元．无名氏《朱砂担．第一折》：「可正和著各琅琅的捣碓声，更那堪绿柳相遮映。」,各琅琅
1,高声呼喝。《儒林外史．第四○回》：「店家吆呼道：『客人们起来！木总爷来查夜！』」《文明小史．第三○回》：「只见迎面来了两个人，抬著一具抬箱，吆呼著很觉吃力。」,吆呼
1,状声词。形容金属、玉器等物碰击的清脆响声。元．张可久〈寨儿令．添晚妆〉曲：「添晚妆，过回廊，吉丁一声环珮响。」《儒林外史．第一二回》：「那时晚生把膀子一挣，吉丁的一声，那车就过去了几十步远。」,吉丁
1,状声词。形容金属、玉器、瓷器等物碰撞的清脆响声。元．西厢记《第二本．第四折》：「莫不是金钩双控，吉丁当敲响帘栊。」元．王子一《误入桃源．第四折》：「吉丁当掂碎连环玉，生可擦分开比翼鸟。」,吉丁當
1,动怒吼。如：「叱咤」。《山海经·北山经》：「有兽焉，其状如豹而长尾，人首而牛耳，一目，名曰诸犍，善咤。」痛惜。《文选·郭璞·游仙诗七首之四》：「临川哀年迈，抚心独悲咤。」夸大、欺诳。《后汉书·卷四九·王符传》：「石山隐饰，金银错镂，穷极丽靡，转相夸咤。」,吒
2,副吃东西时口舌作声。《礼记·曲礼上》：「毋咤食，毋啮骨。」,吒
3,名参见「[[哪咤]]」条。,吒
1,动痛苦时发出的声音。元·戴侗《六书故·卷一一·吟》：「痛为呻吟。」叹息。《战国策·楚策一》：「雀立不转，昼吟宵哭。」咏、诵。如：「吟咏」。《庄子·德充符》：「倚树而吟，据槁梧而瞑。」啼叫、鸣叫。《文选·司马相如·长门赋》：「孔雀集而相存兮，玄猿肃而长吟。」《文选·曹植·杂诗六首之二》：「孤雁飞南游，过庭长哀吟。」口吃、话说不清楚。《后汉书·卷三十四·梁统传》：「为人鸢肩豺目，洞精矘眄，口吟舌言。」通「唫」。,吟
2,名古代一种诗体的名称。宋·严羽《沧浪诗话·诗体》：「古词有〈陇头吟〉，孔明有〈梁父吟〉，文君有〈白头吟〉。」,吟
1,动狗叫称为「吠」。如：「蜀犬吠日」、「狂吠」。《孟子·公孙丑上》：「鸡鸣狗吠相闻而达乎四境，而齐有其民矣。」汉·王符《潜夫论·贤难》：「一犬吠形，百犬吠声。」,吠
1,参见「[[吡吡]]」条。,吡
2,动诋毁。《庄子·列御寇》：「中德也者，有以自好也，而吡其所不为者也。」,吡
1,状声词。形容鸟鸣声。《广韵．入声．质韵》：「吡，鸣吡吡；亦作咇。」集韵．入声．质韵：「吡，吡吡，鸟声。」,吡吡
1,喋喋，多话的样子。《五灯会元．卷一八．黄龙道震禅师》：「枯桩怒石人：『何得口吧吧？』石人呵呵笑，枯桩吐异葩。」也作「巴巴」。近喋喋,吧吧
1,状声词：（1）​摹拟双唇开合的声音。如：「别在那儿吧唧吧唧的吵。」（2）​摹拟走在潮湿地面所发出的声音。如：「下过雨后，一群孩童吧唧吧唧的踩著雨水在路上嬉戏。」,吧唧
2,由双唇开合作响，借指抽烟。,吧唧
1,状声词。摹拟物品互击的声音。如：「他走路的时候，嘴里还一边吧嗒吧嗒的嚼著口香糖。」,吧嗒
2,吃。《三侠五义．第二回》：「这事多亏贤妻你巧咧！这孩子这时候管保叫虎吧嗒咧！」,吧嗒
3,抽（旱烟）​。如：「他坐在台阶上猛吧嗒著烟。」,吧嗒
1,名咽喉、喉咙。如：「引吭高歌」、「扼吭愤叹」。《文选·左思·蜀都赋》：「云飞水宿，哢吭清渠。」唐·柳宗元〈上门下李夷简相公陈情书〉：「然犹仰首伸吭，张目而视。」,吭
2,动发出声音。如：「吭气」、「闷不吭声」。,吭
1,说话支支吾吾，欲言又止的样子。如：「他面有难色，吭哧了老半天，还是没有把事情说出来。」,吭哧
1,状形容小动物或细碎尖锐的声音。如：「小松鼠在树上吱吱的叫。」《儿女英雄传·第一一回》：「一句话未完，只听得山腰里吱的一声这头响箭，一直射在半空里去。」或读为ㄗ　zī。,吱
1,状声词：(1)​ 形容鸟叫声。如：「麻雀在树上，吱吱叫个不停。」(2)​ 形容小鸡的叫声。如：「小鸡在笼子里吱吱叫著，寻不著母鸡。」(3)​ 形容说话吞吐而细小的声音。《文明小史．第四三回》：「一时发急头上，把藩台教导他的话早已忘了，又吱吱了半天，才说得一声。」或读为ㄗ　ㄗ　zī zī。,吱吱
